{
  "train": {
    "R2": 0.9883892962075846,
    "MSE": 7.577816027838955,
    "RMSE": 2.752783323808642,
    "MAE": 2.1436663527067994,
    "MAPE": 70.70200684757445
  },
  "test": {
    "R2": 0.9427502794839066,
    "MSE": 10.137597288748358,
    "RMSE": 3.1839593729739013,
    "MAE": 2.4754214720050025,
    "MAPE": 116.72687863387368
  },
  "best_params": {
    "poly__degree": 5,
    "reg": "Lasso",
    "reg__alpha": 0.1
  }
}